{
  "train_name": "india",
  "test_name": "nepal",
  "train_features_dir": "data/features_per_polygon_india",
  "test_features_dir": "data/features_per_polygon",
  "seed": 20260517,
  "fms": {
    "clay-v1": {
      "overall": {
        "n_train": 22810,
        "n_test": 27779,
        "n_pos_train": 8447,
        "n_pos_test": 13379,
        "f1": 0.5946640951462552,
        "accuracy": 0.5460599733611721,
        "auroc": 0.5859467703324447
      },
      "per_bin_recall_positive": {
        "<0.1ha": {
          "n": 2067,
          "recall": 0.683599419448476
        },
        "0.1-0.3ha": {
          "n": 4555,
          "recall": 0.661251372118551
        },
        "0.3-0.5ha": {
          "n": 1801,
          "recall": 0.6779566907273736
        },
        "0.5-1ha": {
          "n": 1708,
          "recall": 0.6891100702576113
        },
        ">1ha": {
          "n": 3248,
          "recall": 0.7472290640394089
        }
      }
    },
    "prithvi-eo-2.0-300m": {
      "overall": {
        "n_train": 22810,
        "n_test": 27779,
        "n_pos_train": 8447,
        "n_pos_test": 13379,
        "f1": 0.6230688202247191,
        "accuracy": 0.5362684041902156,
        "auroc": 0.5888211832805972
      },
      "per_bin_recall_positive": {
        "<0.1ha": {
          "n": 2067,
          "recall": 0.7658442186744073
        },
        "0.1-0.3ha": {
          "n": 4555,
          "recall": 0.7809001097694841
        },
        "0.3-0.5ha": {
          "n": 1801,
          "recall": 0.7945585785674625
        },
        "0.5-1ha": {
          "n": 1708,
          "recall": 0.8337236533957846
        },
        ">1ha": {
          "n": 3248,
          "recall": 0.8165024630541872
        }
      }
    },
    "terramind-v1-base": {
      "overall": {
        "n_train": 22810,
        "n_test": 27779,
        "n_pos_train": 8447,
        "n_pos_test": 13379,
        "f1": 0.6478401267288125,
        "accuracy": 0.5838583102343496,
        "auroc": 0.6446624893074553
      },
      "per_bin_recall_positive": {
        "<0.1ha": {
          "n": 2067,
          "recall": 0.7547169811320755
        },
        "0.1-0.3ha": {
          "n": 4555,
          "recall": 0.7672886937431395
        },
        "0.3-0.5ha": {
          "n": 1801,
          "recall": 0.8117712382009994
        },
        "0.5-1ha": {
          "n": 1708,
          "recall": 0.8149882903981265
        },
        ">1ha": {
          "n": 3248,
          "recall": 0.8386699507389163
        }
      }
    },
    "anysat": {
      "overall": {
        "n_train": 22810,
        "n_test": 27779,
        "n_pos_train": 8447,
        "n_pos_test": 13379,
        "f1": 0.5884660651235779,
        "accuracy": 0.5090896000575975,
        "auroc": 0.48221067842638965
      },
      "per_bin_recall_positive": {
        "<0.1ha": {
          "n": 2067,
          "recall": 0.7421383647798742
        },
        "0.1-0.3ha": {
          "n": 4555,
          "recall": 0.7141602634467618
        },
        "0.3-0.5ha": {
          "n": 1801,
          "recall": 0.7379233759022765
        },
        "0.5-1ha": {
          "n": 1708,
          "recall": 0.7259953161592506
        },
        ">1ha": {
          "n": 3248,
          "recall": 0.7370689655172413
        }
      }
    }
  }
}