{
  "train_name": "nepal",
  "test_name": "mozambique",
  "train_features_dir": "data/features_per_polygon",
  "test_features_dir": "data/features_per_polygon_mozambique",
  "seed": 20260517,
  "fms": {
    "clay-v1": {
      "overall": {
        "n_train": 27779,
        "n_test": 33880,
        "n_pos_train": 13379,
        "n_pos_test": 24592,
        "f1": 0.07475274093383424,
        "accuracy": 0.28760330578512394,
        "auroc": 0.437303914440079
      },
      "per_bin_recall_positive": {
        "<0.1ha": {
          "n": 2947,
          "recall": 0.037326094333220226
        },
        "0.1-0.3ha": {
          "n": 7457,
          "recall": 0.03526887488266059
        },
        "0.3-0.5ha": {
          "n": 3343,
          "recall": 0.04307508226144182
        },
        "0.5-1ha": {
          "n": 3919,
          "recall": 0.03853023730543506
        },
        ">1ha": {
          "n": 6926,
          "recall": 0.04432572913658678
        }
      }
    },
    "prithvi-eo-2.0-300m": {
      "overall": {
        "n_train": 27779,
        "n_test": 33880,
        "n_pos_train": 13379,
        "n_pos_test": 24592,
        "f1": 0.20561263186926843,
        "accuracy": 0.31989374262101533,
        "auroc": 0.4457460396215768
      },
      "per_bin_recall_positive": {
        "<0.1ha": {
          "n": 2947,
          "recall": 0.09399389209365457
        },
        "0.1-0.3ha": {
          "n": 7457,
          "recall": 0.09454204103526888
        },
        "0.3-0.5ha": {
          "n": 3343,
          "recall": 0.1247382590487586
        },
        "0.5-1ha": {
          "n": 3919,
          "recall": 0.11865271752998213
        },
        ">1ha": {
          "n": 6926,
          "recall": 0.16142073346809124
        }
      }
    },
    "terramind-v1-base": {
      "overall": {
        "n_train": 27779,
        "n_test": 33880,
        "n_pos_train": 13379,
        "n_pos_test": 24592,
        "f1": 0.2273672724792853,
        "accuracy": 0.331198347107438,
        "auroc": 0.44055477862103154
      },
      "per_bin_recall_positive": {
        "<0.1ha": {
          "n": 2947,
          "recall": 0.10620970478452664
        },
        "0.1-0.3ha": {
          "n": 7457,
          "recall": 0.11117071208260694
        },
        "0.3-0.5ha": {
          "n": 3343,
          "recall": 0.1373018247083458
        },
        "0.5-1ha": {
          "n": 3919,
          "recall": 0.1303904057157438
        },
        ">1ha": {
          "n": 6926,
          "recall": 0.1764366156511695
        }
      }
    },
    "anysat": {
      "overall": {
        "n_train": 27779,
        "n_test": 33880,
        "n_pos_train": 13379,
        "n_pos_test": 24592,
        "f1": 0.843350328749721,
        "accuracy": 0.7306670602125147,
        "auroc": 0.5710148101075004
      },
      "per_bin_recall_positive": {
        "<0.1ha": {
          "n": 2947,
          "recall": 0.999321343739396
        },
        "0.1-0.3ha": {
          "n": 7457,
          "recall": 0.998927182513075
        },
        "0.3-0.5ha": {
          "n": 3343,
          "recall": 0.9988034699371822
        },
        "0.5-1ha": {
          "n": 3919,
          "recall": 0.9982138300586885
        },
        ">1ha": {
          "n": 6926,
          "recall": 0.9988449321397632
        }
      }
    }
  }
}