{
  "train_name": "mozambique",
  "test_name": "india",
  "train_features_dir": "data/features_per_polygon_mozambique",
  "test_features_dir": "data/features_per_polygon_india",
  "seed": 20260517,
  "fms": {
    "clay-v1": {
      "overall": {
        "n_train": 33880,
        "n_test": 22810,
        "n_pos_train": 24592,
        "n_pos_test": 8447,
        "f1": 0.08545773557642687,
        "accuracy": 0.6115300306882946,
        "auroc": 0.4238178710192185
      },
      "per_bin_recall_positive": {
        "<0.1ha": {
          "n": 1257,
          "recall": 0.07557677008750995
        },
        "0.1-0.3ha": {
          "n": 2822,
          "recall": 0.06307583274273565
        },
        "0.3-0.5ha": {
          "n": 1110,
          "recall": 0.04594594594594595
        },
        "0.5-1ha": {
          "n": 1157,
          "recall": 0.033707865168539325
        },
        ">1ha": {
          "n": 2101,
          "recall": 0.02427415516420752
        }
      }
    },
    "prithvi-eo-2.0-300m": {
      "overall": {
        "n_train": 33880,
        "n_test": 22810,
        "n_pos_train": 24592,
        "n_pos_test": 8447,
        "f1": 0.5147548258264921,
        "accuracy": 0.4247259973695747,
        "auroc": 0.5493034323942843
      },
      "per_bin_recall_positive": {
        "<0.1ha": {
          "n": 1257,
          "recall": 0.8011137629276054
        },
        "0.1-0.3ha": {
          "n": 2822,
          "recall": 0.80049610205528
        },
        "0.3-0.5ha": {
          "n": 1110,
          "recall": 0.8063063063063063
        },
        "0.5-1ha": {
          "n": 1157,
          "recall": 0.8167675021607606
        },
        ">1ha": {
          "n": 2101,
          "recall": 0.8824369347929557
        }
      }
    },
    "terramind-v1-base": {
      "overall": {
        "n_train": 33880,
        "n_test": 22810,
        "n_pos_train": 24592,
        "n_pos_test": 8447,
        "f1": 0.4754730517442382,
        "accuracy": 0.48715475668566416,
        "auroc": 0.5345194148761392
      },
      "per_bin_recall_positive": {
        "<0.1ha": {
          "n": 1257,
          "recall": 0.6364359586316627
        },
        "0.1-0.3ha": {
          "n": 2822,
          "recall": 0.6180014174344437
        },
        "0.3-0.5ha": {
          "n": 1110,
          "recall": 0.6027027027027027
        },
        "0.5-1ha": {
          "n": 1157,
          "recall": 0.6369922212618842
        },
        ">1ha": {
          "n": 2101,
          "recall": 0.6435030937648739
        }
      }
    },
    "anysat": {
      "overall": {
        "n_train": 33880,
        "n_test": 22810,
        "n_pos_train": 24592,
        "n_pos_test": 8447,
        "f1": 0.5390219888414834,
        "accuracy": 0.3842174484875055,
        "auroc": 0.5207294071216308
      },
      "per_bin_recall_positive": {
        "<0.1ha": {
          "n": 1257,
          "recall": 0.9697692919649961
        },
        "0.1-0.3ha": {
          "n": 2822,
          "recall": 0.9762579730687456
        },
        "0.3-0.5ha": {
          "n": 1110,
          "recall": 0.9702702702702702
        },
        "0.5-1ha": {
          "n": 1157,
          "recall": 0.9732065687121867
        },
        ">1ha": {
          "n": 2101,
          "recall": 0.9685863874345549
        }
      }
    }
  }
}