{
  "train_name": "india",
  "test_name": "mozambique",
  "train_features_dir": "data/features_per_polygon_india",
  "test_features_dir": "data/features_per_polygon_mozambique",
  "seed": 20260517,
  "fms": {
    "clay-v1": {
      "overall": {
        "n_train": 22810,
        "n_test": 33880,
        "n_pos_train": 8447,
        "n_pos_test": 24592,
        "f1": 0.039472645456698506,
        "accuracy": 0.2817591499409681,
        "auroc": 0.4637552251539264
      },
      "per_bin_recall_positive": {
        "<0.1ha": {
          "n": 2947,
          "recall": 0.025449609772650154
        },
        "0.1-0.3ha": {
          "n": 7457,
          "recall": 0.020115327879844443
        },
        "0.3-0.5ha": {
          "n": 3343,
          "recall": 0.02662279389769668
        },
        "0.5-1ha": {
          "n": 3919,
          "recall": 0.02041337075784639
        },
        ">1ha": {
          "n": 6926,
          "recall": 0.015304649148137454
        }
      }
    },
    "prithvi-eo-2.0-300m": {
      "overall": {
        "n_train": 22810,
        "n_test": 33880,
        "n_pos_train": 8447,
        "n_pos_test": 24592,
        "f1": 0.8088967577735975,
        "accuracy": 0.6941558441558442,
        "auroc": 0.5655047393268653
      },
      "per_bin_recall_positive": {
        "<0.1ha": {
          "n": 2947,
          "recall": 0.9117746861214795
        },
        "0.1-0.3ha": {
          "n": 7457,
          "recall": 0.9132358857449376
        },
        "0.3-0.5ha": {
          "n": 3343,
          "recall": 0.8923122943463955
        },
        "0.5-1ha": {
          "n": 3919,
          "recall": 0.904057157438122
        },
        ">1ha": {
          "n": 6926,
          "recall": 0.852873231302339
        }
      }
    },
    "terramind-v1-base": {
      "overall": {
        "n_train": 22810,
        "n_test": 33880,
        "n_pos_train": 8447,
        "n_pos_test": 24592,
        "f1": 0.046998823067869754,
        "accuracy": 0.28299881936245574,
        "auroc": 0.496872748789968
      },
      "per_bin_recall_positive": {
        "<0.1ha": {
          "n": 2947,
          "recall": 0.024431625381744145
        },
        "0.1-0.3ha": {
          "n": 7457,
          "recall": 0.024943006571007106
        },
        "0.3-0.5ha": {
          "n": 3343,
          "recall": 0.02273407119353874
        },
        "0.5-1ha": {
          "n": 3919,
          "recall": 0.023220209237050267
        },
        ">1ha": {
          "n": 6926,
          "recall": 0.02512272596015016
        }
      }
    },
    "anysat": {
      "overall": {
        "n_train": 22810,
        "n_test": 33880,
        "n_pos_train": 8447,
        "n_pos_test": 24592,
        "f1": 0.23340211588221807,
        "accuracy": 0.30917945690672965,
        "auroc": 0.4316490604704962
      },
      "per_bin_recall_positive": {
        "<0.1ha": {
          "n": 2947,
          "recall": 0.12147947064811673
        },
        "0.1-0.3ha": {
          "n": 7457,
          "recall": 0.11733941263242591
        },
        "0.3-0.5ha": {
          "n": 3343,
          "recall": 0.14807059527370625
        },
        "0.5-1ha": {
          "n": 3919,
          "recall": 0.13881092115335544
        },
        ">1ha": {
          "n": 6926,
          "recall": 0.1863990759457118
        }
      }
    }
  }
}