{
  "train_name": "mozambique",
  "test_name": "nepal",
  "train_features_dir": "data/features_per_polygon_mozambique",
  "test_features_dir": "data/features_per_polygon",
  "seed": 20260517,
  "fms": {
    "clay-v1": {
      "overall": {
        "n_train": 33880,
        "n_test": 27779,
        "n_pos_train": 24592,
        "n_pos_test": 13379,
        "f1": 0.07398601398601398,
        "accuracy": 0.5233089744051261,
        "auroc": 0.4937631502728156
      },
      "per_bin_recall_positive": {
        "<0.1ha": {
          "n": 2067,
          "recall": 0.061925495887760036
        },
        "0.1-0.3ha": {
          "n": 4555,
          "recall": 0.0570801317233809
        },
        "0.3-0.5ha": {
          "n": 1801,
          "recall": 0.03720155469183787
        },
        "0.5-1ha": {
          "n": 1708,
          "recall": 0.024004683840749413
        },
        ">1ha": {
          "n": 3248,
          "recall": 0.010160098522167487
        }
      }
    },
    "prithvi-eo-2.0-300m": {
      "overall": {
        "n_train": 33880,
        "n_test": 27779,
        "n_pos_train": 24592,
        "n_pos_test": 13379,
        "f1": 0.4965260433222833,
        "accuracy": 0.6008855610353144,
        "auroc": 0.6843286898622218
      },
      "per_bin_recall_positive": {
        "<0.1ha": {
          "n": 2067,
          "recall": 0.38800193517174647
        },
        "0.1-0.3ha": {
          "n": 4555,
          "recall": 0.4021953896816685
        },
        "0.3-0.5ha": {
          "n": 1801,
          "recall": 0.4153248195446974
        },
        "0.5-1ha": {
          "n": 1708,
          "recall": 0.4180327868852459
        },
        ">1ha": {
          "n": 3248,
          "recall": 0.42210591133004927
        }
      }
    },
    "terramind-v1-base": {
      "overall": {
        "n_train": 33880,
        "n_test": 27779,
        "n_pos_train": 24592,
        "n_pos_test": 13379,
        "f1": 0.424334910219238,
        "accuracy": 0.592605925339285,
        "auroc": 0.695903603076131
      },
      "per_bin_recall_positive": {
        "<0.1ha": {
          "n": 2067,
          "recall": 0.3130140299951621
        },
        "0.1-0.3ha": {
          "n": 4555,
          "recall": 0.3242590559824369
        },
        "0.3-0.5ha": {
          "n": 1801,
          "recall": 0.3076068850638534
        },
        "0.5-1ha": {
          "n": 1708,
          "recall": 0.2933255269320843
        },
        ">1ha": {
          "n": 3248,
          "recall": 0.3054187192118227
        }
      }
    },
    "anysat": {
      "overall": {
        "n_train": 33880,
        "n_test": 27779,
        "n_pos_train": 24592,
        "n_pos_test": 13379,
        "f1": 0.5447292742509044,
        "accuracy": 0.46999532020591095,
        "auroc": 0.48379487754441036
      },
      "per_bin_recall_positive": {
        "<0.1ha": {
          "n": 2067,
          "recall": 0.6865021770682148
        },
        "0.1-0.3ha": {
          "n": 4555,
          "recall": 0.6594950603732163
        },
        "0.3-0.5ha": {
          "n": 1801,
          "recall": 0.6668517490283176
        },
        "0.5-1ha": {
          "n": 1708,
          "recall": 0.6469555035128806
        },
        ">1ha": {
          "n": 3248,
          "recall": 0.6400862068965517
        }
      }
    }
  }
}