fm_a,fm_b,kappa,mcc,n_both_wrong,n_a_only_wrong,n_b_only_wrong,n_neither_wrong
anysat,clay-v1,0.6144721802763434,0.6158540245166791,1804,502,713,3926
anysat,prithvi-eo-2.0-300m,0.32461658318275,0.32980948056263615,1067,1239,725,3914
anysat,terramind-v1-base,0.3103941731184272,0.31895276731237754,991,1315,657,3982
clay-v1,prithvi-eo-2.0-300m,0.286067925030843,0.2947450050418415,1080,1437,712,3716
clay-v1,terramind-v1-base,0.2765447208087798,0.28919671004300734,1008,1509,640,3788
prithvi-eo-2.0-300m,terramind-v1-base,0.5365975607260706,0.5374291453924306,1120,672,528,4625
