{
  "train_name": "nepal",
  "test_name": "india",
  "train_features_dir": "data/features_per_polygon",
  "test_features_dir": "data/features_per_polygon_india",
  "seed": 20260517,
  "fms": {
    "clay-v1": {
      "overall": {
        "n_train": 27779,
        "n_test": 22810,
        "n_pos_train": 13379,
        "n_pos_test": 8447,
        "f1": 0.5006752999126083,
        "accuracy": 0.448925909688733,
        "auroc": 0.5516349116686563
      },
      "per_bin_recall_positive": {
        "<0.1ha": {
          "n": 1257,
          "recall": 0.6968973747016707
        },
        "0.1-0.3ha": {
          "n": 2822,
          "recall": 0.7140326009922041
        },
        "0.3-0.5ha": {
          "n": 1110,
          "recall": 0.7558558558558559
        },
        "0.5-1ha": {
          "n": 1157,
          "recall": 0.759723422644771
        },
        ">1ha": {
          "n": 2101,
          "recall": 0.8058067586863399
        }
      }
    },
    "prithvi-eo-2.0-300m": {
      "overall": {
        "n_train": 27779,
        "n_test": 22810,
        "n_pos_train": 13379,
        "n_pos_test": 8447,
        "f1": 0.5237163077849721,
        "accuracy": 0.5839982463831653,
        "auroc": 0.6274348788326846
      },
      "per_bin_recall_positive": {
        "<0.1ha": {
          "n": 1257,
          "recall": 0.5608591885441527
        },
        "0.1-0.3ha": {
          "n": 2822,
          "recall": 0.6215450035435861
        },
        "0.3-0.5ha": {
          "n": 1110,
          "recall": 0.6441441441441441
        },
        "0.5-1ha": {
          "n": 1157,
          "recall": 0.6447709593777009
        },
        ">1ha": {
          "n": 2101,
          "recall": 0.6173250832936696
        }
      }
    },
    "terramind-v1-base": {
      "overall": {
        "n_train": 27779,
        "n_test": 22810,
        "n_pos_train": 13379,
        "n_pos_test": 8447,
        "f1": 0.5807113543091655,
        "accuracy": 0.5700131521262604,
        "auroc": 0.6793055924733801
      },
      "per_bin_recall_positive": {
        "<0.1ha": {
          "n": 1257,
          "recall": 0.7772474144789181
        },
        "0.1-0.3ha": {
          "n": 2822,
          "recall": 0.7944720056697377
        },
        "0.3-0.5ha": {
          "n": 1110,
          "recall": 0.8342342342342343
        },
        "0.5-1ha": {
          "n": 1157,
          "recall": 0.8150388936905791
        },
        ">1ha": {
          "n": 2101,
          "recall": 0.8110423607805807
        }
      }
    },
    "anysat": {
      "overall": {
        "n_train": 27779,
        "n_test": 22810,
        "n_pos_train": 13379,
        "n_pos_test": 8447,
        "f1": 0.5623637930160661,
        "accuracy": 0.6214379658044717,
        "auroc": 0.6688545294333175
      },
      "per_bin_recall_positive": {
        "<0.1ha": {
          "n": 1257,
          "recall": 0.6587112171837709
        },
        "0.1-0.3ha": {
          "n": 2822,
          "recall": 0.6594613749114103
        },
        "0.3-0.5ha": {
          "n": 1110,
          "recall": 0.6666666666666666
        },
        "0.5-1ha": {
          "n": 1157,
          "recall": 0.6672428694900605
        },
        ">1ha": {
          "n": 2101,
          "recall": 0.6411232746311281
        }
      }
    }
  }
}