{
  "dataset": {
    "n_total": 22810,
    "n_positive": 8447,
    "n_negative": 14363,
    "districts": [
      "karnal",
      "ludhiana",
      "meerut"
    ],
    "test_size": 0.25,
    "seed": 20260514
  },
  "classifier": "lr",
  "fms": {
    "clay-v1": {
      "overall": {
        "n_train": 17107,
        "n_test": 5703,
        "n_pos_train": 6335,
        "n_pos_test": 2112,
        "f1": 0.5572116487044256,
        "accuracy": 0.6614062773978607,
        "auroc": 0.6919163570753484
      },
      "per_bin_recall_positive": {
        "<0.1ha": {
          "n": 314,
          "recall": 0.554140127388535
        },
        "0.1-0.3ha": {
          "n": 705,
          "recall": 0.577304964539007
        },
        "0.3-0.5ha": {
          "n": 278,
          "recall": 0.5467625899280576
        },
        "0.5-1ha": {
          "n": 290,
          "recall": 0.603448275862069
        },
        ">1ha": {
          "n": 525,
          "recall": 0.5847619047619048
        }
      }
    },
    "prithvi-eo-2.0-300m": {
      "overall": {
        "n_train": 17107,
        "n_test": 5703,
        "n_pos_train": 6335,
        "n_pos_test": 2112,
        "f1": 0.6316256376136615,
        "accuracy": 0.7087497808171138,
        "auroc": 0.7725422826848265
      },
      "per_bin_recall_positive": {
        "<0.1ha": {
          "n": 314,
          "recall": 0.6273885350318471
        },
        "0.1-0.3ha": {
          "n": 705,
          "recall": 0.649645390070922
        },
        "0.3-0.5ha": {
          "n": 278,
          "recall": 0.6223021582733813
        },
        "0.5-1ha": {
          "n": 290,
          "recall": 0.7862068965517242
        },
        ">1ha": {
          "n": 525,
          "recall": 0.700952380952381
        }
      }
    },
    "terramind-v1-base": {
      "overall": {
        "n_train": 17107,
        "n_test": 5703,
        "n_pos_train": 6335,
        "n_pos_test": 2112,
        "f1": 0.638925583443417,
        "accuracy": 0.7124320533052779,
        "auroc": 0.78171016767508
      },
      "per_bin_recall_positive": {
        "<0.1ha": {
          "n": 314,
          "recall": 0.678343949044586
        },
        "0.1-0.3ha": {
          "n": 705,
          "recall": 0.6865248226950355
        },
        "0.3-0.5ha": {
          "n": 278,
          "recall": 0.6798561151079137
        },
        "0.5-1ha": {
          "n": 290,
          "recall": 0.7379310344827587
        },
        ">1ha": {
          "n": 525,
          "recall": 0.6685714285714286
        }
      }
    },
    "anysat": {
      "overall": {
        "n_train": 17107,
        "n_test": 5703,
        "n_pos_train": 6335,
        "n_pos_test": 2112,
        "f1": 0.6328191945158527,
        "accuracy": 0.6994564264422234,
        "auroc": 0.7691657858872771
      },
      "per_bin_recall_positive": {
        "<0.1ha": {
          "n": 314,
          "recall": 0.6560509554140127
        },
        "0.1-0.3ha": {
          "n": 705,
          "recall": 0.6921985815602837
        },
        "0.3-0.5ha": {
          "n": 278,
          "recall": 0.7517985611510791
        },
        "0.5-1ha": {
          "n": 290,
          "recall": 0.7068965517241379
        },
        ">1ha": {
          "n": 525,
          "recall": 0.7028571428571428
        }
      }
    }
  }
}