{
  "dataset": {
    "n_total": 22810,
    "n_positive": 8447,
    "n_negative": 14363,
    "districts": [
      "karnal",
      "ludhiana",
      "meerut"
    ],
    "test_size": 0.25,
    "seed": 20260514
  },
  "classifier": "lr",
  "fms": {
    "clay-v1": {
      "overall": {
        "n_train": 17107,
        "n_test": 5703,
        "n_pos_train": 6335,
        "n_pos_test": 2112,
        "f1": 0.601980198019802,
        "accuracy": 0.6827985270910047,
        "auroc": 0.7260390427879464
      },
      "per_bin_recall_positive": {
        "<0.1ha": {
          "n": 314,
          "recall": 0.6305732484076433
        },
        "0.1-0.3ha": {
          "n": 705,
          "recall": 0.6212765957446809
        },
        "0.3-0.5ha": {
          "n": 278,
          "recall": 0.6798561151079137
        },
        "0.5-1ha": {
          "n": 290,
          "recall": 0.6862068965517242
        },
        ">1ha": {
          "n": 525,
          "recall": 0.6552380952380953
        }
      }
    },
    "prithvi-eo-2.0-300m": {
      "overall": {
        "n_train": 17107,
        "n_test": 5703,
        "n_pos_train": 6335,
        "n_pos_test": 2112,
        "f1": 0.654257595207531,
        "accuracy": 0.7166403647203227,
        "auroc": 0.7930252820603697
      },
      "per_bin_recall_positive": {
        "<0.1ha": {
          "n": 314,
          "recall": 0.6815286624203821
        },
        "0.1-0.3ha": {
          "n": 705,
          "recall": 0.7148936170212766
        },
        "0.3-0.5ha": {
          "n": 278,
          "recall": 0.7805755395683454
        },
        "0.5-1ha": {
          "n": 290,
          "recall": 0.8
        },
        ">1ha": {
          "n": 525,
          "recall": 0.6895238095238095
        }
      }
    },
    "terramind-v1-base": {
      "overall": {
        "n_train": 17107,
        "n_test": 5703,
        "n_pos_train": 6335,
        "n_pos_test": 2112,
        "f1": 0.6662326388888888,
        "accuracy": 0.7303173768192179,
        "auroc": 0.8044535264930003
      },
      "per_bin_recall_positive": {
        "<0.1ha": {
          "n": 314,
          "recall": 0.6687898089171974
        },
        "0.1-0.3ha": {
          "n": 705,
          "recall": 0.724822695035461
        },
        "0.3-0.5ha": {
          "n": 278,
          "recall": 0.762589928057554
        },
        "0.5-1ha": {
          "n": 290,
          "recall": 0.7758620689655172
        },
        ">1ha": {
          "n": 525,
          "recall": 0.7180952380952381
        }
      }
    },
    "anysat": {
      "overall": {
        "n_train": 17107,
        "n_test": 5703,
        "n_pos_train": 6335,
        "n_pos_test": 2112,
        "f1": 0.6328191945158527,
        "accuracy": 0.6994564264422234,
        "auroc": 0.7691657858872771
      },
      "per_bin_recall_positive": {
        "<0.1ha": {
          "n": 314,
          "recall": 0.6560509554140127
        },
        "0.1-0.3ha": {
          "n": 705,
          "recall": 0.6921985815602837
        },
        "0.3-0.5ha": {
          "n": 278,
          "recall": 0.7517985611510791
        },
        "0.5-1ha": {
          "n": 290,
          "recall": 0.7068965517241379
        },
        ">1ha": {
          "n": 525,
          "recall": 0.7028571428571428
        }
      }
    }
  }
}