{
  "dataset": {
    "n_total": 33880,
    "n_positive": 24592,
    "n_negative": 9288,
    "districts": [
      "buzi",
      "mocuba",
      "ribaue"
    ],
    "test_size": 0.25,
    "seed": 20260514
  },
  "classifier": "lr",
  "fms": {
    "clay-v1": {
      "overall": {
        "n_train": 25410,
        "n_test": 8470,
        "n_pos_train": 18444,
        "n_pos_test": 6148,
        "f1": 0.783303730017762,
        "accuracy": 0.6831168831168831,
        "auroc": 0.6016003047425631
      },
      "per_bin_recall_positive": {
        "<0.1ha": {
          "n": 738,
          "recall": 0.8102981029810298
        },
        "0.1-0.3ha": {
          "n": 1864,
          "recall": 0.7864806866952789
        },
        "0.3-0.5ha": {
          "n": 835,
          "recall": 0.7892215568862275
        },
        "0.5-1ha": {
          "n": 980,
          "recall": 0.7775510204081633
        },
        ">1ha": {
          "n": 1731,
          "recall": 0.7891392258809936
        }
      }
    },
    "prithvi-eo-2.0-300m": {
      "overall": {
        "n_train": 25410,
        "n_test": 8470,
        "n_pos_train": 18444,
        "n_pos_test": 6148,
        "f1": 0.7595916351062078,
        "accuracy": 0.6552538370720189,
        "auroc": 0.6101440101946979
      },
      "per_bin_recall_positive": {
        "<0.1ha": {
          "n": 738,
          "recall": 0.7926829268292683
        },
        "0.1-0.3ha": {
          "n": 1864,
          "recall": 0.7784334763948498
        },
        "0.3-0.5ha": {
          "n": 835,
          "recall": 0.7820359281437126
        },
        "0.5-1ha": {
          "n": 980,
          "recall": 0.7418367346938776
        },
        ">1ha": {
          "n": 1731,
          "recall": 0.6915077989601387
        }
      }
    },
    "terramind-v1-base": {
      "overall": {
        "n_train": 25410,
        "n_test": 8470,
        "n_pos_train": 18444,
        "n_pos_test": 6148,
        "f1": 0.7713404738721195,
        "accuracy": 0.6672963400236127,
        "auroc": 0.6159131321180618
      },
      "per_bin_recall_positive": {
        "<0.1ha": {
          "n": 738,
          "recall": 0.8021680216802168
        },
        "0.1-0.3ha": {
          "n": 1864,
          "recall": 0.8009656652360515
        },
        "0.3-0.5ha": {
          "n": 835,
          "recall": 0.7916167664670659
        },
        "0.5-1ha": {
          "n": 980,
          "recall": 0.7540816326530613
        },
        ">1ha": {
          "n": 1731,
          "recall": 0.7325245522819179
        }
      }
    },
    "anysat": {
      "overall": {
        "n_train": 25410,
        "n_test": 8470,
        "n_pos_train": 18444,
        "n_pos_test": 6148,
        "f1": 0.8326996197718631,
        "accuracy": 0.7298701298701299,
        "auroc": 0.5790831608719067
      },
      "per_bin_recall_positive": {
        "<0.1ha": {
          "n": 738,
          "recall": 0.9295392953929539
        },
        "0.1-0.3ha": {
          "n": 1864,
          "recall": 0.9404506437768241
        },
        "0.3-0.5ha": {
          "n": 835,
          "recall": 0.911377245508982
        },
        "0.5-1ha": {
          "n": 980,
          "recall": 0.926530612244898
        },
        ">1ha": {
          "n": 1731,
          "recall": 0.9162333911034084
        }
      }
    }
  }
}