{
  "dataset": {
    "n_total": 35637,
    "n_positive": 23856,
    "n_negative": 11781,
    "districts": [
      "bardiya",
      "chitwan",
      "dhanusha"
    ],
    "test_size": 0.25,
    "seed": 20260514
  },
  "classifier": "lr",
  "fms": {
    "clay-v1": {
      "overall": {
        "n_train": 26727,
        "n_test": 8910,
        "n_pos_train": 17891,
        "n_pos_test": 5965,
        "f1": 0.7622743377762781,
        "accuracy": 0.683726150392817,
        "auroc": 0.7055796333165879
      },
      "per_bin_recall_positive": {
        "<0.1ha": {
          "n": 875,
          "recall": 0.688
        },
        "0.1-0.3ha": {
          "n": 2151,
          "recall": 0.7201301720130172
        },
        "0.3-0.5ha": {
          "n": 859,
          "recall": 0.7625145518044237
        },
        "0.5-1ha": {
          "n": 888,
          "recall": 0.8074324324324325
        },
        ">1ha": {
          "n": 1192,
          "recall": 0.834731543624161
        }
      }
    },
    "prithvi-eo-2.0-300m": {
      "overall": {
        "n_train": 26727,
        "n_test": 8910,
        "n_pos_train": 17891,
        "n_pos_test": 5965,
        "f1": 0.8101835815725666,
        "accuracy": 0.7539842873176207,
        "auroc": 0.8061321489105236
      },
      "per_bin_recall_positive": {
        "<0.1ha": {
          "n": 875,
          "recall": 0.728
        },
        "0.1-0.3ha": {
          "n": 2151,
          "recall": 0.7694095769409577
        },
        "0.3-0.5ha": {
          "n": 859,
          "recall": 0.7869615832363213
        },
        "0.5-1ha": {
          "n": 888,
          "recall": 0.8243243243243243
        },
        ">1ha": {
          "n": 1192,
          "recall": 0.8204697986577181
        }
      }
    },
    "terramind-v1-base": {
      "overall": {
        "n_train": 26727,
        "n_test": 8910,
        "n_pos_train": 17891,
        "n_pos_test": 5965,
        "f1": 0.8144905142072281,
        "accuracy": 0.7574635241301908,
        "auroc": 0.8111582419803125
      },
      "per_bin_recall_positive": {
        "<0.1ha": {
          "n": 875,
          "recall": 0.7405714285714285
        },
        "0.1-0.3ha": {
          "n": 2151,
          "recall": 0.7791724779172478
        },
        "0.3-0.5ha": {
          "n": 859,
          "recall": 0.79976717112922
        },
        "0.5-1ha": {
          "n": 888,
          "recall": 0.8502252252252253
        },
        ">1ha": {
          "n": 1192,
          "recall": 0.8204697986577181
        }
      }
    },
    "anysat": {
      "overall": {
        "n_train": 26727,
        "n_test": 8910,
        "n_pos_train": 17891,
        "n_pos_test": 5965,
        "f1": 0.8154533844189017,
        "accuracy": 0.7405162738496072,
        "auroc": 0.7239552454399389
      },
      "per_bin_recall_positive": {
        "<0.1ha": {
          "n": 875,
          "recall": 0.8068571428571428
        },
        "0.1-0.3ha": {
          "n": 2151,
          "recall": 0.8433286843328685
        },
        "0.3-0.5ha": {
          "n": 859,
          "recall": 0.869615832363213
        },
        "0.5-1ha": {
          "n": 888,
          "recall": 0.8896396396396397
        },
        ">1ha": {
          "n": 1192,
          "recall": 0.8817114093959731
        }
      }
    }
  }
}