{
  "dataset": {
    "n_total": 2906,
    "n_positive": 1466,
    "n_negative": 1440,
    "districts": [
      "bardiya",
      "chitwan",
      "dhanusha"
    ],
    "test_size": 0.25,
    "seed": 20260514
  },
  "fms": {
    "clay-v1": {
      "overall": {
        "n_train": 2179,
        "n_test": 727,
        "n_pos_train": 1099,
        "n_pos_test": 367,
        "f1": 0.592274678111588,
        "accuracy": 0.6079779917469051,
        "auroc": 0.6518997880714501
      },
      "per_bin_recall_positive": {
        "<0.1ha": {
          "n": 58,
          "recall": 0.4827586206896552
        },
        "0.1-0.3ha": {
          "n": 123,
          "recall": 0.5528455284552846
        },
        "0.3-0.5ha": {
          "n": 46,
          "recall": 0.6304347826086957
        },
        "0.5-1ha": {
          "n": 47,
          "recall": 0.46808510638297873
        },
        ">1ha": {
          "n": 93,
          "recall": 0.6451612903225806
        }
      }
    },
    "prithvi-eo-2.0-300m": {
      "overall": {
        "n_train": 2179,
        "n_test": 727,
        "n_pos_train": 1099,
        "n_pos_test": 367,
        "f1": 0.6575716234652115,
        "accuracy": 0.6547455295735901,
        "auroc": 0.7340940054495914
      },
      "per_bin_recall_positive": {
        "<0.1ha": {
          "n": 58,
          "recall": 0.5689655172413793
        },
        "0.1-0.3ha": {
          "n": 123,
          "recall": 0.6341463414634146
        },
        "0.3-0.5ha": {
          "n": 46,
          "recall": 0.717391304347826
        },
        "0.5-1ha": {
          "n": 47,
          "recall": 0.6808510638297872
        },
        ">1ha": {
          "n": 93,
          "recall": 0.6989247311827957
        }
      }
    },
    "terramind-v1-base": {
      "overall": {
        "n_train": 2179,
        "n_test": 727,
        "n_pos_train": 1099,
        "n_pos_test": 367,
        "f1": 0.7066666666666667,
        "accuracy": 0.6973865199449794,
        "auroc": 0.7680631244323343
      },
      "per_bin_recall_positive": {
        "<0.1ha": {
          "n": 58,
          "recall": 0.7241379310344828
        },
        "0.1-0.3ha": {
          "n": 123,
          "recall": 0.6666666666666666
        },
        "0.3-0.5ha": {
          "n": 46,
          "recall": 0.7608695652173914
        },
        "0.5-1ha": {
          "n": 47,
          "recall": 0.8297872340425532
        },
        ">1ha": {
          "n": 93,
          "recall": 0.7204301075268817
        }
      }
    },
    "anysat": {
      "overall": {
        "n_train": 2179,
        "n_test": 727,
        "n_pos_train": 1099,
        "n_pos_test": 367,
        "f1": 0.7045454545454546,
        "accuracy": 0.6781292984869326,
        "auroc": 0.7378141083863154
      },
      "per_bin_recall_positive": {
        "<0.1ha": {
          "n": 58,
          "recall": 0.6379310344827587
        },
        "0.1-0.3ha": {
          "n": 123,
          "recall": 0.7560975609756098
        },
        "0.3-0.5ha": {
          "n": 46,
          "recall": 0.717391304347826
        },
        "0.5-1ha": {
          "n": 47,
          "recall": 0.851063829787234
        },
        ">1ha": {
          "n": 93,
          "recall": 0.8172043010752689
        }
      }
    }
  }
}