{
  "dataset": {
    "n_total": 27779,
    "n_positive": 13379,
    "n_negative": 14400,
    "districts": [
      "bardiya",
      "chitwan",
      "dhanusha"
    ],
    "test_size": 0.25,
    "seed": 20260514,
    "device": "cuda"
  },
  "classifier": "torch_mlp_ntokens_conditioned",
  "fms": {
    "clay-v1": {
      "overall": {
        "n_train": 17708,
        "n_val": 3126,
        "n_test": 6945,
        "n_pos_train": 8528,
        "n_pos_test": 3345,
        "f1": 0.9276032039433149,
        "accuracy": 0.9323254139668826,
        "auroc": 0.975380543099153,
        "best_val_f1": 0.9304703476482618
      },
      "per_bin_recall_positive": {
        "<0.1ha": {
          "n": 517,
          "recall": 1.0
        },
        "0.1-0.3ha": {
          "n": 1139,
          "recall": 0.9991220368744512
        },
        "0.3-0.5ha": {
          "n": 450,
          "recall": 0.9466666666666667
        },
        "0.5-1ha": {
          "n": 427,
          "recall": 0.6440281030444965
        },
        ">1ha": {
          "n": 812,
          "recall": 0.8066502463054187
        }
      }
    },
    "prithvi-eo-2.0-300m": {
      "overall": {
        "n_train": 17708,
        "n_val": 3126,
        "n_test": 6945,
        "n_pos_train": 8528,
        "n_pos_test": 3345,
        "f1": 0.8323126275882181,
        "accuracy": 0.8344132469402448,
        "auroc": 0.9227419863809998,
        "best_val_f1": 0.840945902170392
      },
      "per_bin_recall_positive": {
        "<0.1ha": {
          "n": 517,
          "recall": 0.9187620889748549
        },
        "0.1-0.3ha": {
          "n": 1139,
          "recall": 0.8920105355575065
        },
        "0.3-0.5ha": {
          "n": 450,
          "recall": 0.8377777777777777
        },
        "0.5-1ha": {
          "n": 427,
          "recall": 0.7822014051522248
        },
        ">1ha": {
          "n": 812,
          "recall": 0.8029556650246306
        }
      }
    },
    "terramind-v1-base": {
      "overall": {
        "n_train": 17708,
        "n_val": 3126,
        "n_test": 6945,
        "n_pos_train": 8528,
        "n_pos_test": 3345,
        "f1": 0.8379116927944772,
        "accuracy": 0.8377249820014399,
        "auroc": 0.9249960969938549,
        "best_val_f1": 0.8446010893944249
      },
      "per_bin_recall_positive": {
        "<0.1ha": {
          "n": 517,
          "recall": 0.9342359767891683
        },
        "0.1-0.3ha": {
          "n": 1139,
          "recall": 0.9051799824407375
        },
        "0.3-0.5ha": {
          "n": 450,
          "recall": 0.8577777777777778
        },
        "0.5-1ha": {
          "n": 427,
          "recall": 0.8313817330210773
        },
        ">1ha": {
          "n": 812,
          "recall": 0.8103448275862069
        }
      }
    },
    "anysat": {
      "overall": {
        "n_train": 17708,
        "n_val": 3126,
        "n_test": 6945,
        "n_pos_train": 8528,
        "n_pos_test": 3345,
        "f1": 0.7010862619808307,
        "accuracy": 0.6632109431245501,
        "auroc": 0.7309169157947185,
        "best_val_f1": 0.7102433503112621
      },
      "per_bin_recall_positive": {
        "<0.1ha": {
          "n": 517,
          "recall": 0.8085106382978723
        },
        "0.1-0.3ha": {
          "n": 1139,
          "recall": 0.8050921861281826
        },
        "0.3-0.5ha": {
          "n": 450,
          "recall": 0.8355555555555556
        },
        "0.5-1ha": {
          "n": 427,
          "recall": 0.7962529274004684
        },
        ">1ha": {
          "n": 812,
          "recall": 0.8522167487684729
        }
      }
    }
  }
}