{
  "dataset": {
    "n_total": 27779,
    "n_positive": 13379,
    "n_negative": 14400,
    "districts": [
      "bardiya",
      "chitwan",
      "dhanusha"
    ],
    "test_size": 0.25,
    "seed": 20260514
  },
  "classifier": "lr",
  "fms": {
    "clay-v1": {
      "overall": {
        "n_train": 20834,
        "n_test": 6945,
        "n_pos_train": 10034,
        "n_pos_test": 3345,
        "f1": 0.6456426861889343,
        "accuracy": 0.6375809935205183,
        "auroc": 0.7060036538780934
      },
      "per_bin_recall_positive": {
        "<0.1ha": {
          "n": 517,
          "recall": 0.6460348162475822
        },
        "0.1-0.3ha": {
          "n": 1139,
          "recall": 0.646180860403863
        },
        "0.3-0.5ha": {
          "n": 450,
          "recall": 0.6822222222222222
        },
        "0.5-1ha": {
          "n": 427,
          "recall": 0.6955503512880562
        },
        ">1ha": {
          "n": 812,
          "recall": 0.7623152709359606
        }
      }
    },
    "prithvi-eo-2.0-300m": {
      "overall": {
        "n_train": 20834,
        "n_test": 6945,
        "n_pos_train": 10034,
        "n_pos_test": 3345,
        "f1": 0.7471069714930849,
        "accuracy": 0.7419726421886249,
        "auroc": 0.8243539694402923
      },
      "per_bin_recall_positive": {
        "<0.1ha": {
          "n": 517,
          "recall": 0.7659574468085106
        },
        "0.1-0.3ha": {
          "n": 1139,
          "recall": 0.7655838454784899
        },
        "0.3-0.5ha": {
          "n": 450,
          "recall": 0.7888888888888889
        },
        "0.5-1ha": {
          "n": 427,
          "recall": 0.8220140515222483
        },
        ">1ha": {
          "n": 812,
          "recall": 0.8288177339901478
        }
      }
    },
    "terramind-v1-base": {
      "overall": {
        "n_train": 20834,
        "n_test": 6945,
        "n_pos_train": 10034,
        "n_pos_test": 3345,
        "f1": 0.7683441102052291,
        "accuracy": 0.7627069834413247,
        "auroc": 0.8412689752532801
      },
      "per_bin_recall_positive": {
        "<0.1ha": {
          "n": 517,
          "recall": 0.8181818181818182
        },
        "0.1-0.3ha": {
          "n": 1139,
          "recall": 0.7945566286215979
        },
        "0.3-0.5ha": {
          "n": 450,
          "recall": 0.8155555555555556
        },
        "0.5-1ha": {
          "n": 427,
          "recall": 0.8501170960187353
        },
        ">1ha": {
          "n": 812,
          "recall": 0.8312807881773399
        }
      }
    },
    "anysat": {
      "overall": {
        "n_train": 20834,
        "n_test": 6945,
        "n_pos_train": 10034,
        "n_pos_test": 3345,
        "f1": 0.6848865810330691,
        "accuracy": 0.6679625629949604,
        "auroc": 0.7336158860654376
      },
      "per_bin_recall_positive": {
        "<0.1ha": {
          "n": 517,
          "recall": 0.7369439071566731
        },
        "0.1-0.3ha": {
          "n": 1139,
          "recall": 0.7225636523266022
        },
        "0.3-0.5ha": {
          "n": 450,
          "recall": 0.7622222222222222
        },
        "0.5-1ha": {
          "n": 427,
          "recall": 0.7423887587822015
        },
        ">1ha": {
          "n": 812,
          "recall": 0.7906403940886699
        }
      }
    }
  }
}