{
  "dataset": {
    "n_total": 27779,
    "n_positive": 13379,
    "n_negative": 14400,
    "districts": [
      "bardiya",
      "chitwan",
      "dhanusha"
    ],
    "test_size": 0.25,
    "seed": 20260514
  },
  "classifier": "mlp",
  "fms": {
    "clay-v1": {
      "overall": {
        "n_train": 20834,
        "n_test": 6945,
        "n_pos_train": 10034,
        "n_pos_test": 3345,
        "f1": 0.7051242712488494,
        "accuracy": 0.7232541396688265,
        "auroc": 0.8176345291479821
      },
      "per_bin_recall_positive": {
        "<0.1ha": {
          "n": 517,
          "recall": 0.8936170212765957
        },
        "0.1-0.3ha": {
          "n": 1139,
          "recall": 0.8340649692712906
        },
        "0.3-0.5ha": {
          "n": 450,
          "recall": 0.7666666666666667
        },
        "0.5-1ha": {
          "n": 427,
          "recall": 0.65807962529274
        },
        ">1ha": {
          "n": 812,
          "recall": 0.32019704433497537
        }
      }
    },
    "prithvi-eo-2.0-300m": {
      "overall": {
        "n_train": 20834,
        "n_test": 6945,
        "n_pos_train": 10034,
        "n_pos_test": 3345,
        "f1": 0.7608286252354048,
        "accuracy": 0.7622750179985601,
        "auroc": 0.8462215163594088
      },
      "per_bin_recall_positive": {
        "<0.1ha": {
          "n": 517,
          "recall": 0.8239845261121856
        },
        "0.1-0.3ha": {
          "n": 1139,
          "recall": 0.810359964881475
        },
        "0.3-0.5ha": {
          "n": 450,
          "recall": 0.8022222222222222
        },
        "0.5-1ha": {
          "n": 427,
          "recall": 0.8056206088992974
        },
        ">1ha": {
          "n": 812,
          "recall": 0.7044334975369458
        }
      }
    },
    "terramind-v1-base": {
      "overall": {
        "n_train": 20834,
        "n_test": 6945,
        "n_pos_train": 10034,
        "n_pos_test": 3345,
        "f1": 0.7813459927394583,
        "accuracy": 0.7745140388768899,
        "auroc": 0.857947849194486
      },
      "per_bin_recall_positive": {
        "<0.1ha": {
          "n": 517,
          "recall": 0.8858800773694391
        },
        "0.1-0.3ha": {
          "n": 1139,
          "recall": 0.8709394205443372
        },
        "0.3-0.5ha": {
          "n": 450,
          "recall": 0.8466666666666667
        },
        "0.5-1ha": {
          "n": 427,
          "recall": 0.8477751756440282
        },
        ">1ha": {
          "n": 812,
          "recall": 0.7450738916256158
        }
      }
    },
    "anysat": {
      "overall": {
        "n_train": 20834,
        "n_test": 6945,
        "n_pos_train": 10034,
        "n_pos_test": 3345,
        "f1": 0.680845148735057,
        "accuracy": 0.6694024478041757,
        "auroc": 0.7280858246138515
      },
      "per_bin_recall_positive": {
        "<0.1ha": {
          "n": 517,
          "recall": 0.7176015473887815
        },
        "0.1-0.3ha": {
          "n": 1139,
          "recall": 0.7181738366988587
        },
        "0.3-0.5ha": {
          "n": 450,
          "recall": 0.7355555555555555
        },
        "0.5-1ha": {
          "n": 427,
          "recall": 0.7096018735362998
        },
        ">1ha": {
          "n": 812,
          "recall": 0.770935960591133
        }
      }
    }
  }
}