{
  "dataset": {
    "n_total": 27779,
    "n_positive": 13379,
    "n_negative": 14400,
    "districts": [
      "bardiya",
      "chitwan",
      "dhanusha"
    ],
    "test_size": 0.25,
    "seed": 20260514
  },
  "classifier": "lr",
  "fms": {
    "clay-v1": {
      "overall": {
        "n_train": 20834,
        "n_test": 6945,
        "n_pos_train": 10034,
        "n_pos_test": 3345,
        "f1": 0.6236842105263158,
        "accuracy": 0.6293736501079914,
        "auroc": 0.6943961136023916
      },
      "per_bin_recall_positive": {
        "<0.1ha": {
          "n": 517,
          "recall": 0.6092843326885881
        },
        "0.1-0.3ha": {
          "n": 1139,
          "recall": 0.6005267778753293
        },
        "0.3-0.5ha": {
          "n": 450,
          "recall": 0.6422222222222222
        },
        "0.5-1ha": {
          "n": 427,
          "recall": 0.6416861826697893
        },
        ">1ha": {
          "n": 812,
          "recall": 0.7032019704433498
        }
      }
    },
    "prithvi-eo-2.0-300m": {
      "overall": {
        "n_train": 20834,
        "n_test": 6945,
        "n_pos_train": 10034,
        "n_pos_test": 3345,
        "f1": 0.7331786542923434,
        "accuracy": 0.7350611951043916,
        "auroc": 0.8196180036538782
      },
      "per_bin_recall_positive": {
        "<0.1ha": {
          "n": 517,
          "recall": 0.7330754352030948
        },
        "0.1-0.3ha": {
          "n": 1139,
          "recall": 0.7339771729587358
        },
        "0.3-0.5ha": {
          "n": 450,
          "recall": 0.7844444444444445
        },
        "0.5-1ha": {
          "n": 427,
          "recall": 0.7704918032786885
        },
        ">1ha": {
          "n": 812,
          "recall": 0.7770935960591133
        }
      }
    },
    "terramind-v1-base": {
      "overall": {
        "n_train": 20834,
        "n_test": 6945,
        "n_pos_train": 10034,
        "n_pos_test": 3345,
        "f1": 0.7576280944156591,
        "accuracy": 0.7575233981281497,
        "auroc": 0.8364523750207606
      },
      "per_bin_recall_positive": {
        "<0.1ha": {
          "n": 517,
          "recall": 0.769825918762089
        },
        "0.1-0.3ha": {
          "n": 1139,
          "recall": 0.771729587357331
        },
        "0.3-0.5ha": {
          "n": 450,
          "recall": 0.7844444444444445
        },
        "0.5-1ha": {
          "n": 427,
          "recall": 0.8266978922716628
        },
        ">1ha": {
          "n": 812,
          "recall": 0.7992610837438424
        }
      }
    },
    "anysat": {
      "overall": {
        "n_train": 20834,
        "n_test": 6945,
        "n_pos_train": 10034,
        "n_pos_test": 3345,
        "f1": 0.6848865810330691,
        "accuracy": 0.6679625629949604,
        "auroc": 0.7336158860654376
      },
      "per_bin_recall_positive": {
        "<0.1ha": {
          "n": 517,
          "recall": 0.7369439071566731
        },
        "0.1-0.3ha": {
          "n": 1139,
          "recall": 0.7225636523266022
        },
        "0.3-0.5ha": {
          "n": 450,
          "recall": 0.7622222222222222
        },
        "0.5-1ha": {
          "n": 427,
          "recall": 0.7423887587822015
        },
        ">1ha": {
          "n": 812,
          "recall": 0.7906403940886699
        }
      }
    }
  }
}