{
  "dataset": {
    "n_total": 27779,
    "n_positive": 13379,
    "n_negative": 14400,
    "districts": [
      "bardiya",
      "chitwan",
      "dhanusha"
    ],
    "test_size": 0.25,
    "seed": 20260514
  },
  "classifier": "lr",
  "fms": {
    "clay-v1": {
      "overall": {
        "n_train": 20834,
        "n_test": 6945,
        "n_pos_train": 10034,
        "n_pos_test": 3345,
        "f1": 0.6452424200083834,
        "accuracy": 0.6344132469402448,
        "auroc": 0.6942989121408404
      },
      "per_bin_recall_positive": {
        "<0.1ha": {
          "n": 517,
          "recall": 0.6924564796905223
        },
        "0.1-0.3ha": {
          "n": 1139,
          "recall": 0.6628621597892889
        },
        "0.3-0.5ha": {
          "n": 450,
          "recall": 0.7155555555555555
        },
        "0.5-1ha": {
          "n": 427,
          "recall": 0.6651053864168618
        },
        ">1ha": {
          "n": 812,
          "recall": 0.7266009852216748
        }
      }
    },
    "prithvi-eo-2.0-300m": {
      "overall": {
        "n_train": 20834,
        "n_test": 6945,
        "n_pos_train": 10034,
        "n_pos_test": 3345,
        "f1": 0.7329385222786238,
        "accuracy": 0.7272858171346293,
        "auroc": 0.8009653712007971
      },
      "per_bin_recall_positive": {
        "<0.1ha": {
          "n": 517,
          "recall": 0.7485493230174082
        },
        "0.1-0.3ha": {
          "n": 1139,
          "recall": 0.742756804214223
        },
        "0.3-0.5ha": {
          "n": 450,
          "recall": 0.7666666666666667
        },
        "0.5-1ha": {
          "n": 427,
          "recall": 0.7985948477751756
        },
        ">1ha": {
          "n": 812,
          "recall": 0.8374384236453202
        }
      }
    },
    "terramind-v1-base": {
      "overall": {
        "n_train": 20834,
        "n_test": 6945,
        "n_pos_train": 10034,
        "n_pos_test": 3345,
        "f1": 0.7528432732316227,
        "accuracy": 0.7434125269978402,
        "auroc": 0.8147481315396113
      },
      "per_bin_recall_positive": {
        "<0.1ha": {
          "n": 517,
          "recall": 0.7678916827852998
        },
        "0.1-0.3ha": {
          "n": 1139,
          "recall": 0.7848990342405618
        },
        "0.3-0.5ha": {
          "n": 450,
          "recall": 0.8177777777777778
        },
        "0.5-1ha": {
          "n": 427,
          "recall": 0.8360655737704918
        },
        ">1ha": {
          "n": 812,
          "recall": 0.8596059113300493
        }
      }
    },
    "anysat": {
      "overall": {
        "n_train": 20834,
        "n_test": 6945,
        "n_pos_train": 10034,
        "n_pos_test": 3345,
        "f1": 0.6848865810330691,
        "accuracy": 0.6679625629949604,
        "auroc": 0.7336158860654376
      },
      "per_bin_recall_positive": {
        "<0.1ha": {
          "n": 517,
          "recall": 0.7369439071566731
        },
        "0.1-0.3ha": {
          "n": 1139,
          "recall": 0.7225636523266022
        },
        "0.3-0.5ha": {
          "n": 450,
          "recall": 0.7622222222222222
        },
        "0.5-1ha": {
          "n": 427,
          "recall": 0.7423887587822015
        },
        ">1ha": {
          "n": 812,
          "recall": 0.7906403940886699
        }
      }
    }
  }
}