{
  "dataset": {
    "n_total": 33880,
    "n_positive": 24592,
    "n_negative": 9288,
    "districts": [
      "buzi",
      "mocuba",
      "ribaue"
    ],
    "test_size": 0.25,
    "seed": 20260514
  },
  "classifier": "lr",
  "fms": {
    "clay-v1": {
      "overall": {
        "n_train": 25410,
        "n_test": 8470,
        "n_pos_train": 18444,
        "n_pos_test": 6148,
        "f1": 0.7976517230863068,
        "accuracy": 0.6866587957497048,
        "auroc": 0.5952349580292492
      },
      "per_bin_recall_positive": {
        "<0.1ha": {
          "n": 738,
          "recall": 0.8509485094850948
        },
        "0.1-0.3ha": {
          "n": 1864,
          "recall": 0.8401287553648069
        },
        "0.3-0.5ha": {
          "n": 835,
          "recall": 0.8335329341317366
        },
        "0.5-1ha": {
          "n": 980,
          "recall": 0.8642857142857143
        },
        ">1ha": {
          "n": 1731,
          "recall": 0.8630849220103987
        }
      }
    },
    "prithvi-eo-2.0-300m": {
      "overall": {
        "n_train": 25410,
        "n_test": 8470,
        "n_pos_train": 18444,
        "n_pos_test": 6148,
        "f1": 0.7724038692141658,
        "accuracy": 0.6638724911452184,
        "auroc": 0.597367014167335
      },
      "per_bin_recall_positive": {
        "<0.1ha": {
          "n": 738,
          "recall": 0.7791327913279132
        },
        "0.1-0.3ha": {
          "n": 1864,
          "recall": 0.7762875536480687
        },
        "0.3-0.5ha": {
          "n": 835,
          "recall": 0.7544910179640718
        },
        "0.5-1ha": {
          "n": 980,
          "recall": 0.7571428571428571
        },
        ">1ha": {
          "n": 1731,
          "recall": 0.830155979202773
        }
      }
    },
    "terramind-v1-base": {
      "overall": {
        "n_train": 25410,
        "n_test": 8470,
        "n_pos_train": 18444,
        "n_pos_test": 6148,
        "f1": 0.782774814932739,
        "accuracy": 0.6778040141676506,
        "auroc": 0.6112369196904157
      },
      "per_bin_recall_positive": {
        "<0.1ha": {
          "n": 738,
          "recall": 0.7764227642276422
        },
        "0.1-0.3ha": {
          "n": 1864,
          "recall": 0.7956008583690987
        },
        "0.3-0.5ha": {
          "n": 835,
          "recall": 0.7868263473053893
        },
        "0.5-1ha": {
          "n": 980,
          "recall": 0.7816326530612245
        },
        ">1ha": {
          "n": 1731,
          "recall": 0.8307336799537839
        }
      }
    },
    "anysat": {
      "overall": {
        "n_train": 25410,
        "n_test": 8470,
        "n_pos_train": 18444,
        "n_pos_test": 6148,
        "f1": 0.8326996197718631,
        "accuracy": 0.7298701298701299,
        "auroc": 0.5790831608719067
      },
      "per_bin_recall_positive": {
        "<0.1ha": {
          "n": 738,
          "recall": 0.9295392953929539
        },
        "0.1-0.3ha": {
          "n": 1864,
          "recall": 0.9404506437768241
        },
        "0.3-0.5ha": {
          "n": 835,
          "recall": 0.911377245508982
        },
        "0.5-1ha": {
          "n": 980,
          "recall": 0.926530612244898
        },
        ">1ha": {
          "n": 1731,
          "recall": 0.9162333911034084
        }
      }
    }
  }
}