{
  "dataset": {
    "n_total": 2906,
    "n_positive": 1466,
    "n_negative": 1440,
    "districts": [
      "bardiya",
      "chitwan",
      "dhanusha"
    ],
    "test_size": 0.25,
    "seed": 20260514
  },
  "fms": {
    "clay-v1": {
      "overall": {
        "n_train": 2179,
        "n_test": 727,
        "n_pos_train": 1099,
        "n_pos_test": 367,
        "f1": 0.6825396825396826,
        "accuracy": 0.6698762035763411,
        "auroc": 0.7256357856494096
      },
      "per_bin_recall_positive": {
        "<0.1ha": {
          "n": 58,
          "recall": 0.6724137931034483
        },
        "0.1-0.3ha": {
          "n": 123,
          "recall": 0.6910569105691057
        },
        "0.3-0.5ha": {
          "n": 46,
          "recall": 0.6739130434782609
        },
        "0.5-1ha": {
          "n": 47,
          "recall": 0.723404255319149
        },
        ">1ha": {
          "n": 93,
          "recall": 0.7419354838709677
        }
      }
    },
    "prithvi-eo-2.0-300m": {
      "overall": {
        "n_train": 2179,
        "n_test": 727,
        "n_pos_train": 1099,
        "n_pos_test": 367,
        "f1": 0.6864864864864865,
        "accuracy": 0.6808803301237965,
        "auroc": 0.7406600060551015
      },
      "per_bin_recall_positive": {
        "<0.1ha": {
          "n": 58,
          "recall": 0.7068965517241379
        },
        "0.1-0.3ha": {
          "n": 123,
          "recall": 0.7154471544715447
        },
        "0.3-0.5ha": {
          "n": 46,
          "recall": 0.6956521739130435
        },
        "0.5-1ha": {
          "n": 47,
          "recall": 0.7021276595744681
        },
        ">1ha": {
          "n": 93,
          "recall": 0.6451612903225806
        }
      }
    },
    "terramind-v1-base": {
      "overall": {
        "n_train": 2179,
        "n_test": 727,
        "n_pos_train": 1099,
        "n_pos_test": 367,
        "f1": 0.680628272251309,
        "accuracy": 0.6643741403026134,
        "auroc": 0.7161065697850438
      },
      "per_bin_recall_positive": {
        "<0.1ha": {
          "n": 58,
          "recall": 0.7413793103448276
        },
        "0.1-0.3ha": {
          "n": 123,
          "recall": 0.6585365853658537
        },
        "0.3-0.5ha": {
          "n": 46,
          "recall": 0.717391304347826
        },
        "0.5-1ha": {
          "n": 47,
          "recall": 0.7446808510638298
        },
        ">1ha": {
          "n": 93,
          "recall": 0.7311827956989247
        }
      }
    },
    "anysat": {
      "overall": {
        "n_train": 2179,
        "n_test": 727,
        "n_pos_train": 1099,
        "n_pos_test": 367,
        "f1": 0.7261146496815286,
        "accuracy": 0.7042640990371389,
        "auroc": 0.7680214956100515
      },
      "per_bin_recall_positive": {
        "<0.1ha": {
          "n": 58,
          "recall": 0.6551724137931034
        },
        "0.1-0.3ha": {
          "n": 123,
          "recall": 0.7642276422764228
        },
        "0.3-0.5ha": {
          "n": 46,
          "recall": 0.7391304347826086
        },
        "0.5-1ha": {
          "n": 47,
          "recall": 0.8723404255319149
        },
        ">1ha": {
          "n": 93,
          "recall": 0.8387096774193549
        }
      }
    }
  }
}