{
  "dataset": {
    "n_total": 27779,
    "n_positive": 13379,
    "n_negative": 14400,
    "districts": [
      "bardiya",
      "chitwan",
      "dhanusha"
    ],
    "test_size": 0.25,
    "seed": 20260514
  },
  "classifier": "mlp",
  "fms": {
    "clay-v1": {
      "overall": {
        "n_train": 20834,
        "n_test": 6945,
        "n_pos_train": 10034,
        "n_pos_test": 3345,
        "f1": 0.7219637413765442,
        "accuracy": 0.750467962562995,
        "auroc": 0.8378878508553396
      },
      "per_bin_recall_positive": {
        "<0.1ha": {
          "n": 517,
          "recall": 0.9168278529980658
        },
        "0.1-0.3ha": {
          "n": 1139,
          "recall": 0.8884986830553117
        },
        "0.3-0.5ha": {
          "n": 450,
          "recall": 0.7777777777777778
        },
        "0.5-1ha": {
          "n": 427,
          "recall": 0.6042154566744731
        },
        ">1ha": {
          "n": 812,
          "recall": 0.1921182266009852
        }
      }
    },
    "prithvi-eo-2.0-300m": {
      "overall": {
        "n_train": 20834,
        "n_test": 6945,
        "n_pos_train": 10034,
        "n_pos_test": 3345,
        "f1": 0.7629135229251306,
        "accuracy": 0.764722822174226,
        "auroc": 0.8545359990034878
      },
      "per_bin_recall_positive": {
        "<0.1ha": {
          "n": 517,
          "recall": 0.8588007736943907
        },
        "0.1-0.3ha": {
          "n": 1139,
          "recall": 0.8340649692712906
        },
        "0.3-0.5ha": {
          "n": 450,
          "recall": 0.8222222222222222
        },
        "0.5-1ha": {
          "n": 427,
          "recall": 0.775175644028103
        },
        ">1ha": {
          "n": 812,
          "recall": 0.6576354679802956
        }
      }
    },
    "terramind-v1-base": {
      "overall": {
        "n_train": 20834,
        "n_test": 6945,
        "n_pos_train": 10034,
        "n_pos_test": 3345,
        "f1": 0.7693664559753051,
        "accuracy": 0.7740820734341253,
        "auroc": 0.8649534545756518
      },
      "per_bin_recall_positive": {
        "<0.1ha": {
          "n": 517,
          "recall": 0.8607350096711799
        },
        "0.1-0.3ha": {
          "n": 1139,
          "recall": 0.8323090430201932
        },
        "0.3-0.5ha": {
          "n": 450,
          "recall": 0.8355555555555556
        },
        "0.5-1ha": {
          "n": 427,
          "recall": 0.7845433255269321
        },
        ">1ha": {
          "n": 812,
          "recall": 0.6317733990147784
        }
      }
    },
    "anysat": {
      "overall": {
        "n_train": 20834,
        "n_test": 6945,
        "n_pos_train": 10034,
        "n_pos_test": 3345,
        "f1": 0.680845148735057,
        "accuracy": 0.6694024478041757,
        "auroc": 0.7280858246138515
      },
      "per_bin_recall_positive": {
        "<0.1ha": {
          "n": 517,
          "recall": 0.7176015473887815
        },
        "0.1-0.3ha": {
          "n": 1139,
          "recall": 0.7181738366988587
        },
        "0.3-0.5ha": {
          "n": 450,
          "recall": 0.7355555555555555
        },
        "0.5-1ha": {
          "n": 427,
          "recall": 0.7096018735362998
        },
        ">1ha": {
          "n": 812,
          "recall": 0.770935960591133
        }
      }
    }
  }
}